"c_FASQUEL_concreteness","c_FASQUEL_image_agreement","block","partner_type","c_SUBTLEX_frequency_log","yvar","SE","df","LCL","UCL","tvar","xvar"
-0.910780159521436,-0.648222831505484,"1","same",-1.79619292123629,9.8690896632658,3.44678755560315,Inf,3.11351019192277,16.6246691346088,"-0.910780159521436 -0.648222831505484 1 same",-1.79619292123629
1.22921984047856,-0.648222831505484,"1","same",-1.79619292123629,2.13505970171523,5.55948069496549,Inf,-8.76132223316284,13.0314416365933,"1.22921984047856 -0.648222831505484 1 same",-1.79619292123629
-0.910780159521436,1.08177716849452,"1","same",-1.79619292123629,4.34526875576991,8.75936508619353,Inf,-12.822771340607,21.5133088521468,"-0.910780159521436 1.08177716849452 1 same",-1.79619292123629
1.22921984047856,1.08177716849452,"1","same",-1.79619292123629,18.074998597192,6.31534172534016,Inf,5.69715626546222,30.4528409289218,"1.22921984047856 1.08177716849452 1 same",-1.79619292123629
-0.910780159521436,-0.648222831505484,"2","same",-1.79619292123629,12.0545480604904,3.2342511225575,Inf,5.7155323433195,18.3935637776614,"-0.910780159521436 -0.648222831505484 2 same",-1.79619292123629
1.22921984047856,-0.648222831505484,"2","same",-1.79619292123629,5.96009625403186,5.320189086369,Inf,-4.46728274619444,16.3874752542582,"1.22921984047856 -0.648222831505484 2 same",-1.79619292123629
-0.910780159521436,1.08177716849452,"2","same",-1.79619292123629,15.150497515395,8.23948994542517,Inf,-0.998606028618223,31.2996010594082,"-0.910780159521436 1.08177716849452 2 same",-1.79619292123629
1.22921984047856,1.08177716849452,"2","same",-1.79619292123629,11.7285480504558,6.04214906672473,Inf,-0.11384650954701,23.5709426104585,"1.22921984047856 1.08177716849452 2 same",-1.79619292123629
-0.910780159521436,-0.648222831505484,"1","different",-1.79619292123629,8.14021845276137,3.39820366958352,Inf,1.47986164824582,14.8005752572769,"-0.910780159521436 -0.648222831505484 1 different",-1.79619292123629
1.22921984047856,-0.648222831505484,"1","different",-1.79619292123629,12.5660699376558,5.47641726318972,Inf,1.8324893374905,23.299650537821,"1.22921984047856 -0.648222831505484 1 different",-1.79619292123629
-0.910780159521436,1.08177716849452,"1","different",-1.79619292123629,11.1041290568866,8.51063593066982,Inf,-5.57641085275873,27.784668966532,"-0.910780159521436 1.08177716849452 1 different",-1.79619292123629
1.22921984047856,1.08177716849452,"1","different",-1.79619292123629,10.0571814250106,6.20932519199045,Inf,-2.11287231958794,22.2272351696091,"1.22921984047856 1.08177716849452 1 different",-1.79619292123629
-0.910780159521436,-0.648222831505484,"2","different",-1.79619292123629,13.2822684960643,3.23727075570431,Inf,6.93733440667908,19.6272025854495,"-0.910780159521436 -0.648222831505484 2 different",-1.79619292123629
1.22921984047856,-0.648222831505484,"2","different",-1.79619292123629,6.92929747879329,5.35650223667251,Inf,-3.56925398819307,17.4278489457797,"1.22921984047856 -0.648222831505484 2 different",-1.79619292123629
-0.910780159521436,1.08177716849452,"2","different",-1.79619292123629,0.800111017812031,8.39435103125937,Inf,-15.652514677043,17.252736712667,"-0.910780159521436 1.08177716849452 2 different",-1.79619292123629
1.22921984047856,1.08177716849452,"2","different",-1.79619292123629,20.8950333132742,6.32481828498908,Inf,8.49861726593523,33.2914493606132,"1.22921984047856 1.08177716849452 2 different",-1.79619292123629
-0.910780159521436,-0.648222831505484,"1","same",1.84480707876371,6.61224732040245,3.82800593844395,Inf,-0.890506451553153,14.115001092358,"-0.910780159521436 -0.648222831505484 1 same",1.84480707876371
1.22921984047856,-0.648222831505484,"1","same",1.84480707876371,21.6290482857602,6.7739047582572,Inf,8.35243892487159,34.9056576466488,"1.22921984047856 -0.648222831505484 1 same",1.84480707876371
-0.910780159521436,1.08177716849452,"1","same",1.84480707876371,18.6799734180894,8.61299789353021,Inf,1.79880774785079,35.5611390883279,"-0.910780159521436 1.08177716849452 1 same",1.84480707876371
1.22921984047856,1.08177716849452,"1","same",1.84480707876371,0.29003600731899,7.61265479691506,Inf,-14.6304932213706,15.2105652360086,"1.22921984047856 1.08177716849452 1 same",1.84480707876371
-0.910780159521436,-0.648222831505484,"2","same",1.84480707876371,8.49112793433631,3.61249756444411,Inf,1.41076281378721,15.5714930548854,"-0.910780159521436 -0.648222831505484 2 same",1.84480707876371
1.22921984047856,-0.648222831505484,"2","same",1.84480707876371,11.0173468820794,6.40932108683728,Inf,-1.5446916134748,23.5793853776335,"1.22921984047856 -0.648222831505484 2 same",1.84480707876371
-0.910780159521436,1.08177716849452,"2","same",1.84480707876371,11.8350826476026,8.24215847982594,Inf,-4.31925112772767,27.9894164229328,"-0.910780159521436 1.08177716849452 2 same",1.84480707876371
1.22921984047856,1.08177716849452,"2","same",1.84480707876371,10.0466495155866,7.29188578169982,Inf,-4.24518399592476,24.3384830270979,"1.22921984047856 1.08177716849452 2 same",1.84480707876371
-0.910780159521436,-0.648222831505484,"1","different",1.84480707876371,14.3542127330379,3.81805602045523,Inf,6.87096044198932,21.8374650240865,"-0.910780159521436 -0.648222831505484 1 different",1.84480707876371
1.22921984047856,-0.648222831505484,"1","different",1.84480707876371,6.65197949876923,6.72387113709915,Inf,-6.52656576663348,19.8305247641719,"1.22921984047856 -0.648222831505484 1 different",1.84480707876371
-0.910780159521436,1.08177716849452,"1","different",1.84480707876371,6.75003955456633,8.42593216763627,Inf,-9.76448403017827,23.2645631393109,"-0.910780159521436 1.08177716849452 1 different",1.84480707876371
1.22921984047856,1.08177716849452,"1","different",1.84480707876371,15.7582837766995,7.63408356378061,Inf,0.795754936720339,30.7208126166787,"1.22921984047856 1.08177716849452 1 different",1.84480707876371
-0.910780159521436,-0.648222831505484,"2","different",1.84480707876371,6.24910525408851,3.63393214598288,Inf,-0.873270874300283,13.3714813824773,"-0.910780159521436 -0.648222831505484 2 different",1.84480707876371
1.22921984047856,-0.648222831505484,"2","different",1.84480707876371,18.9074592840338,6.51763554175116,Inf,6.13312835784328,31.6817902102242,"1.22921984047856 -0.648222831505484 2 different",1.84480707876371
-0.910780159521436,1.08177716849452,"2","different",1.84480707876371,14.7957261219596,8.31361766168108,Inf,-1.4986650761714,31.0901173200906,"-0.910780159521436 1.08177716849452 2 different",1.84480707876371
1.22921984047856,1.08177716849452,"2","different",1.84480707876371,0.554153060657094,7.61444797079394,Inf,-14.3698907242531,15.4781968455673,"1.22921984047856 1.08177716849452 2 different",1.84480707876371
