"subjID","mean_ACC_same","mean_ACC_different","mean_VOT_same","mean_VOT_different","mean_VOTinv_same","mean_VOTinv_different","mean_P200_same","mean_P200_different","mean_P300_same","mean_P300_different","entrainment_ACC","entrainment_VOTinv","entrainment_VOT","PC1","PC2"
"101",0.653846153846154,0.403846153846154,1490.58823529412,1774.2380952381,0.000728316344564558,0.000592869694195379,NA,NA,NA,NA,0.25,1.35446650369179,-283.649859943978,-1.69154423133538,-0.167000632582631
"102",0.857142857142857,0.928571428571429,1651.6875,1495.38461538462,0.000673298716829909,0.000715927669555489,4.47083359222572,4.22446807163958,10.189306274568,10.4758259459806,-0.0714285714285715,-0.426289527255805,156.302884615385,0.86316154166541,-0.123255575415113
"103",0.339622641509434,0.509090909090909,1371.27777777778,1739.92857142857,0.000789486633789176,0.000693750074860838,NA,NA,NA,NA,-0.169468267581475,0.95736558928338,-368.650793650794,0.283927735058154,1.24853792408358
"104",0.830188679245283,0.716981132075472,1445.5,1688.92105263158,0.000760233548103245,0.000689838122751898,4.42058967102087,2.83975293617687,20.1248286974533,18.5580855834249,0.113207547169811,0.703954253513466,-243.421052631579,-0.679995964983627,-0.0727092374581432
"105",0.7,0.549019607843137,1285.48571428571,1384.57142857143,0.00085355184915924,0.000790338636358982,2.17941227659339,7.4251982311498,13.8643576184301,17.6116124982454,0.150980392156863,0.632132128002572,-99.0857142857144,-0.782038603825698,-0.276024893238719
"106",0.39622641509434,0.678571428571429,1686.33333333333,1449.26315789474,0.000625273577249385,0.000745538163648954,5.93920833185823,7.46411642745563,10.8068664602599,11.5369713850602,-0.282345013477089,-1.20264586399569,237.070175438596,2.26304496658874,0.181924123021471
"108",0.8,0.618181818181818,1249.65909090909,1694.52941176471,0.000844494275194087,0.000677599794015662,6.89738110627808,4.66003572547876,18.0197115381678,15.6202090778364,0.181818181818182,1.66894481178425,-444.870320855615,-1.63766653167595,0.330308207490616
"109",0.826923076923077,0.773584905660377,1338.55813953488,1517.90243902439,0.00080882777019098,0.00070456099739382,3.86608595605917,2.33920428836674,12.2001634890564,13.6899806784895,0.0533381712626995,1.04266772797161,-179.344299489507,-0.676803881594192,0.408086859904623
"110",0.745098039215686,0.903846153846154,1359.10526315789,1224.48936170213,0.000804263455295227,0.000881476126866815,8.71798906414228,8.07178916617428,16.5404293654081,14.229905441151,-0.158748114630468,-0.77212671571588,134.615901455767,1.45993457350178,-0.0141313731802847
"111",0.612244897959184,0.82,1189.7,1178.73170731707,0.000878174578129658,0.000930462470208214,2.85559703899821,4.81826770933265,12.8175815510536,12.949252079152,-0.207755102040816,-0.522878920785559,10.9682926829269,1.482296189731,0.359682890520843
"112",0.714285714285714,0.660714285714286,1511.7,1728.59459459459,0.00073861172133043,0.000670979095065549,9.51059291465671,7.83568226104821,17.6251062332254,17.8615822004812,0.0535714285714286,0.676326262648809,-216.894594594595,-0.419466240448095,0.148863550521829
"113",0.727272727272727,0.648148148148148,1685.075,2333.45714285714,0.000633054705409343,0.000511930449078951,3.61795732603062,2.8932470764449,9.84376233169563,8.8075697188526,0.0791245791245792,1.21124256330392,-648.382142857143,-0.899883176881511,0.422707048342913
"114",0.767857142857143,0.875,1532.16279069767,1303.81632653061,0.000708630241299891,0.000864948596851702,1.23026106780963,3.23217492777625,6.11838925337879,8.3127372571673,-0.107142857142857,-1.56318355551811,228.346464167062,1.80906044475652,-0.780437719598635
"115",0.391304347826087,0.612244897959184,1947.44444444444,1597.56666666667,0.000617627038002344,0.000727699321105712,NA,NA,NA,NA,-0.220940550133097,-1.10072283103369,349.877777777778,1.94298755093744,0.00558360477693098
"116",0.872727272727273,0.563636363636364,1257.58333333333,1354.38709677419,0.000872709121323138,0.000773948964359063,1.13239813212234,-1.08345051116546,13.2254620980016,9.31332163412267,0.309090909090909,0.987601569640747,-96.8037634408604,-1.67174219724761,-0.664497667772048
"117",0.735849056603774,0.62962962962963,1296.07692307692,1497.58823529412,0.000826759458684317,0.000706486991708878,-0.215664863275879,1.62474049161077,3.49069552500371,3.51132160694293,0.106219426974144,1.20272466975439,-201.511312217194,-1.00339614856967,0.307183393712891
"118",0.725490196078431,0.84,1628.13513513514,1276.19047619048,0.00073916788205686,0.000842957275929404,3.46707312232078,5.91677577699054,6.98680787393155,11.9250762457772,-0.114509803921569,-1.03789393872544,351.944658944659,1.46849474971507,-0.380317116641343
"120",0.943396226415094,0.581818181818182,1231.22,1526.09375,0.000863761120908323,0.000756423697217754,5.50911652979691,3.66737444323422,10.6140214623887,7.95609246761426,0.361578044596913,1.0733742369057,-294.87375,-1.9443690277107,-0.816180475442792
"121",0.849056603773585,0.37037037037037,1041.51111111111,1203.85,0.00102531657744612,0.000909445175897748,NA,NA,NA,NA,0.478686233403215,1.15871401548375,-162.338888888889,-2.47789119506239,-1.22936901607451
"122",0.653846153846154,0.759259259259259,1553.85294117647,1168.73170731707,0.000720546744116248,0.000922572177476159,-0.48536300877055,3.52885301174427,6.73999698477744,13.9115567908729,-0.105413105413105,-2.02025433359911,385.121233859397,2.12431578191942,-1.10967648952914
"123",0.607142857142857,0.963636363636364,1281.08823529412,1095.01886792453,0.000842262166796352,0.000938609986145278,-0.0770104329507619,1.37515742933644,6.60362800987078,6.95171759713727,-0.356493506493507,-0.963478193489256,186.069367369589,2.39413617477709,0.65025446711742
"124",0.814814814814815,0.60377358490566,1231.27272727273,1567,0.000869527345617199,0.000740877263638043,2.83392663709104,4.36680673273982,13.5085624361961,12.4554012591902,0.211041229909154,1.28650081979156,-335.727272727273,-1.48615391911381,-0.0574455495178581
"125",0.890909090909091,0.666666666666667,1466.51020408163,1784.30555555556,0.000755378248544323,0.000620772284194547,6.42691960301041,5.61671221614384,9.11461604527744,7.77120194986551,0.224242424242424,1.34605964349776,-317.795351473923,-1.5815041582722,-0.0688146795245763
"126",0.660714285714286,0.892857142857143,1673.75675675676,1606.98,0.00067933932036964,0.000716040414720412,5.15132797124384,6.07525399810667,5.64497211786111,6.79249907763293,-0.232142857142857,-0.36701094350772,66.7767567567566,1.47098127125461,0.568150110079836
"127",0.792452830188679,0.890909090909091,1426.90476190476,1376.85714285714,0.000752995580410979,0.000801100199278347,1.82051750863004,3.31218834507071,5.52244939539117,7.30827156101561,-0.0984562607204116,-0.481046188673675,50.047619047619,1.01101330006627,-0.0526136219291314
"128",0.875,0.851851851851852,1126.65306122449,1217.69565217391,0.000954824271301915,0.000887465198551181,2.76394609895077,3.76917805389673,13.1731741846839,10.0728567719403,0.0231481481481481,0.673590727507332,-91.0425909494231,-0.294565662558524,0.269906878368353
"130",0.767857142857143,0.732142857142857,2009.58139534884,1682.85365853659,0.000643100544926829,0.000656828988519761,2.88010143340678,3.15755249241618,9.71604768257459,10.2993520206368,0.0357142857142858,-0.137284435929316,326.727736812252,0.226330128332864,-0.352574438805337
"131",0.928571428571429,0.854545454545454,1459.90384615385,1608.8085106383,0.000732810234070534,0.00070572616135289,4.40373208372782,5.85432317716488,8.56202506572494,12.1449217545391,0.0740259740259741,0.270840727176438,-148.904664484452,-0.216266135719877,-0.219692516126191
"132",0.87037037037037,0.818181818181818,1746.46808510638,1900.15555555556,0.000710323531193411,0.000612207261078941,1.12884142973678,0.908813196975925,8.37221150119631,7.43705312746665,0.0521885521885521,0.9811627011447,-153.687470449173,-0.628794401959456,0.369370980475741
"133",0.803571428571429,0.571428571428571,1354.02222222222,1765.375,0.00083632800480344,0.000720063610390346,1.60128392320582,3.9253984750037,10.4942200822363,11.809728049675,0.232142857142857,1.16264394413094,-411.352777777778,-1.48412503593191,-0.230061448532306
"134",0.75,0.839285714285714,2079.57142857143,2161.89361702128,0.000554037195360653,0.00061151434640898,7.55273710917197,4.05126794300198,13.3608318211165,11.7585313606662,-0.0892857142857143,-0.574771510483271,-82.322188449848,1.04002447818686,-0.155760132482768
"135",0.910714285714286,0.946428571428571,1889.25490196078,1733.88679245283,0.000603684819709279,0.000668701974815592,7.39797191930498,9.35061743368144,9.17848530393548,10.3709552992355,-0.0357142857142857,-0.650171551063126,155.368109507954,0.876645942747445,-0.425456735404738
"136",0.836363636363636,0.781818181818182,1255.4347826087,1620.41860465116,0.000872539960735633,0.000717780089299432,0.985263276564502,-1.90527621935802,5.67482533609103,5.37823068375835,0.0545454545454545,1.54759871436202,-364.983822042467,-1.03767353558845,0.759196752237434
"137",0.946428571428571,0.928571428571429,1571.33962264151,2096.96153846154,0.000707085259928285,0.000573399928610153,4.63219127855195,6.21632137978818,9.8366916477269,11.7888140058697,0.0178571428571428,1.33685331318133,-525.621915820029,-0.740796997183778,0.758911066165103
"138",0.527272727272727,0.740740740740741,2627.06896551724,3050.4,0.000537300771435971,0.000489971147956757,3.81139065174011,1.8141026140403,6.25132461942816,5.88938121931802,-0.213468013468013,0.473296234792134,-423.331034482759,0.803057999305755,1.08510465253931
"139",0.839285714285714,0.892857142857143,1629.23404255319,1355.12,0.000773665863121147,0.000825850588145056,-0.0597923980015342,2.51585434128176,15.0981247304711,15.4155273789029,-0.0535714285714286,-0.52184725023909,274.114042553192,0.858353087832589,-0.262805501036087
"140",0.928571428571429,0.672727272727273,1284.05769230769,1449.51351351351,0.000814047330151458,0.000779862312122259,2.78704233814803,0.734285004923613,5.6710057416477,4.93997553751956,0.255844155844156,0.341850180291992,-165.455821205821,-1.00124507484904,-0.904544349617485
"141",0.928571428571429,0.777777777777778,1673,2142.42857142857,0.00074639107068295,0.00059744622973725,6.14779276594021,2.84891075504357,13.332279579088,9.57290102156097,0.150793650793651,1.48944840945701,-469.428571428572,-1.38571456602529,0.329160699072804
"142",0.872727272727273,0.890909090909091,1220.77083333333,1070.36734693878,0.000894333426934148,0.00100010270564826,0.189765985730174,2.40156256668575,12.5406658059522,14.4710136308335,-0.0181818181818182,-1.05769278714108,150.403486394558,1.09309241067563,-0.78363688497847
"143",0.767857142857143,0.803571428571429,1911.39534883721,1539.66666666667,0.0006295942724577,0.000728041556951422,-0.926605684926116,-2.19687846876154,3.82233871548769,5.25112302381296,-0.0357142857142857,-0.984472844937224,371.728682170542,1.11233724508812,-0.661148037745412
"145",0.964285714285714,0.964285714285714,1428.7037037037,3025.05555555556,0.000806162147016873,0.000580254809176381,1.29613302171724,2.54176917129353,9.41489156796654,10.2173608494947,0,2.25907337840492,-1596.35185185185,-1.31880747827254,1.48127992670766
"146",0.839285714285714,0.857142857142857,1431.21276595745,1725.91666666667,0.00076074004974357,0.000749202522607221,1.58307242665544,3.50243176860033,13.4415128729458,13.6977197956962,-0.0178571428571428,0.115375271363488,-294.70390070922,0.264735884828197,0.0420949430607156
"147",0.854545454545454,0.854545454545454,2246.82978723404,2062.70212765957,0.000537674852309892,0.000565035024623735,1.78337874490035,1.80091486112949,10.970557436414,12.3238962651724,0,-0.273601723138431,184.127659574468,0.466795820389417,-0.304323371954299
"148",0.821428571428571,0.767857142857143,1705.65217391304,1861.60465116279,0.000759136130466956,0.000638930868324874,4.39208152680063,4.77437730591639,17.3309152908258,15.3567665091472,0.0535714285714285,1.20205262142083,-155.952477249747,-0.790117304157297,0.519514614231032
"149",0.821428571428571,0.660714285714286,1285.45652173913,1424.67567567568,0.000826408374630347,0.000757855389230149,4.71354084729727,4.24688121134606,10.692130635575,13.016072124205,0.160714285714286,0.685529854001981,-139.219153936545,-0.859030155466915,-0.27772281118212
"151",0.574074074074074,0.703703703703704,1734,1768.44736842105,0.00063540314916488,0.000658357324483323,0.167453017371905,1.92393688379539,5.23846413108156,6.50367961591067,-0.12962962962963,-0.229541753184429,-34.4473684210527,0.959699821224656,0.250707529912084
"152",0.759259259259259,0.714285714285714,1449.46341463415,1458.425,0.000770792154083302,0.000797229437205739,1.16490621870846,0.273898027156925,3.54483537365008,4.06933020434027,0.044973544973545,-0.264372831224379,-8.96158536585358,0.278504580184884,-0.479601383707472
"153",0.833333333333333,0.946428571428571,1531.95555555556,1477.96226415094,0.000723501532637876,0.000740315402606224,5.05114946754313,5.51198579633251,6.45426307531224,8.21618168345154,-0.113095238095238,-0.16813869968348,53.9932914046121,0.849576452518988,0.22716573245683
"154",0.875,0.589285714285714,1525.48979591837,1743.51515151515,0.000770166013996144,0.000627804825047513,2.71872551701692,1.96632698633109,6.62637116596981,6.65032447292357,0.285714285714286,1.42361188948631,-218.025355596784,-1.88465194657516,-0.262609676250433
"155",0.892857142857143,0.872727272727273,1334.9,1521.70833333333,0.000816580453169421,0.000725586712398883,3.7265878738077,3.78122943668654,12.4792489242636,12.2679579304886,0.0201298701298702,0.909937407705384,-186.808333333333,-0.448996373068731,0.448737557392298
"156",0.518518518518518,0.696428571428571,1713.57142857143,1558.71794871795,0.000629169910291758,0.000721040755367055,1.8705183878859,0.100568795481605,7.99012916272649,8.22325182161907,-0.177910052910053,-0.918708450752974,154.85347985348,1.6407318127909,-0.0400221764642735
