"subjID","partner_type","block","error","rate"
"101","same","1","compound",0.037037037037037
"101","same","1","semantically_related",0.111111111111111
"101","same","1","phonologically_related",0
"101","same","1","unrelated",0.259259259259259
"101","same","2","compound",0.04
"101","same","2","semantically_related",0.12
"101","same","2","phonologically_related",0
"101","same","2","unrelated",0.12
"101","different","1","compound",0
"101","different","1","semantically_related",0.2
"101","different","1","phonologically_related",0
"101","different","1","unrelated",0.48
"101","different","2","compound",0
"101","different","2","semantically_related",0.222222222222222
"101","different","2","phonologically_related",0
"101","different","2","unrelated",0.296296296296296
"102","same","1","compound",0
"102","same","1","semantically_related",0.107142857142857
"102","same","1","phonologically_related",0
"102","same","1","unrelated",0.107142857142857
"102","same","2","compound",0
"102","same","2","semantically_related",0.0714285714285714
"102","same","2","phonologically_related",0
"102","same","2","unrelated",0
"102","different","1","compound",0.0357142857142857
"102","different","1","semantically_related",0.0357142857142857
"102","different","1","phonologically_related",0
"102","different","1","unrelated",0.0357142857142857
"102","different","2","compound",0
"102","different","2","semantically_related",0
"102","different","2","phonologically_related",0
"102","different","2","unrelated",0.0357142857142857
"103","same","1","compound",0
"103","same","1","semantically_related",0.153846153846154
"103","same","1","phonologically_related",0
"103","same","1","unrelated",0.538461538461538
"103","same","2","compound",0.037037037037037
"103","same","2","semantically_related",0.148148148148148
"103","same","2","phonologically_related",0
"103","same","2","unrelated",0.444444444444444
"103","different","1","compound",0
"103","different","1","semantically_related",0.111111111111111
"103","different","1","phonologically_related",0
"103","different","1","unrelated",0.481481481481481
"103","different","2","compound",0
"103","different","2","semantically_related",0.0714285714285714
"103","different","2","phonologically_related",0
"103","different","2","unrelated",0.321428571428571
"104","same","1","compound",0
"104","same","1","semantically_related",0.04
"104","same","1","phonologically_related",0
"104","same","1","unrelated",0.16
"104","same","2","compound",0
"104","same","2","semantically_related",0.0714285714285714
"104","same","2","phonologically_related",0
"104","same","2","unrelated",0.0714285714285714
"104","different","1","compound",0
"104","different","1","semantically_related",0
"104","different","1","phonologically_related",0
"104","different","1","unrelated",0.37037037037037
"104","different","2","compound",0
"104","different","2","semantically_related",0.0384615384615385
"104","different","2","phonologically_related",0
"104","different","2","unrelated",0.153846153846154
"105","same","1","compound",0
"105","same","1","semantically_related",0
"105","same","1","phonologically_related",0
"105","same","1","unrelated",0.416666666666667
"105","same","2","compound",0
"105","same","2","semantically_related",0.0769230769230769
"105","same","2","phonologically_related",0
"105","same","2","unrelated",0.115384615384615
"105","different","1","compound",0
"105","different","1","semantically_related",0.08
"105","different","1","phonologically_related",0
"105","different","1","unrelated",0.4
"105","different","2","compound",0
"105","different","2","semantically_related",0.0769230769230769
"105","different","2","phonologically_related",0
"105","different","2","unrelated",0.346153846153846
"106","same","1","compound",0
"106","same","1","semantically_related",0
"106","same","1","phonologically_related",0
"106","same","1","unrelated",0.692307692307692
"106","same","2","compound",0
"106","same","2","semantically_related",0.037037037037037
"106","same","2","phonologically_related",0
"106","same","2","unrelated",0.481481481481481
"106","different","1","compound",0
"106","different","1","semantically_related",0.0357142857142857
"106","different","1","phonologically_related",0
"106","different","1","unrelated",0.25
"106","different","2","compound",0.0357142857142857
"106","different","2","semantically_related",0
"106","different","2","phonologically_related",0
"106","different","2","unrelated",0.321428571428571
"108","same","1","compound",0
"108","same","1","semantically_related",0.0714285714285714
"108","same","1","phonologically_related",0
"108","same","1","unrelated",0.178571428571429
"108","same","2","compound",0.037037037037037
"108","same","2","semantically_related",0.037037037037037
"108","same","2","phonologically_related",0
"108","same","2","unrelated",0.0740740740740741
"108","different","1","compound",0.0357142857142857
"108","different","1","semantically_related",0.0714285714285714
"108","different","1","phonologically_related",0
"108","different","1","unrelated",0.285714285714286
"108","different","2","compound",0
"108","different","2","semantically_related",0.0740740740740741
"108","different","2","phonologically_related",0
"108","different","2","unrelated",0.296296296296296
"109","same","1","compound",0
"109","same","1","semantically_related",0
"109","same","1","phonologically_related",0
"109","same","1","unrelated",0.192307692307692
"109","same","2","compound",0
"109","same","2","semantically_related",0
"109","same","2","phonologically_related",0
"109","same","2","unrelated",0.153846153846154
"109","different","1","compound",0
"109","different","1","semantically_related",0
"109","different","1","phonologically_related",0
"109","different","1","unrelated",0.259259259259259
"109","different","2","compound",0
"109","different","2","semantically_related",0
"109","different","2","phonologically_related",0
"109","different","2","unrelated",0.192307692307692
"110","same","1","compound",0
"110","same","1","semantically_related",0
"110","same","1","phonologically_related",0
"110","same","1","unrelated",0.4
"110","same","2","compound",0
"110","same","2","semantically_related",0
"110","same","2","phonologically_related",0.0384615384615385
"110","same","2","unrelated",0.0769230769230769
"110","different","1","compound",0
"110","different","1","semantically_related",0
"110","different","1","phonologically_related",0
"110","different","1","unrelated",0.16
"110","different","2","compound",0
"110","different","2","semantically_related",0
"110","different","2","phonologically_related",0
"110","different","2","unrelated",0.037037037037037
"111","same","1","compound",0
"111","same","1","semantically_related",0.125
"111","same","1","phonologically_related",0.0416666666666667
"111","same","1","unrelated",0.291666666666667
"111","same","2","compound",0.04
"111","same","2","semantically_related",0.12
"111","same","2","phonologically_related",0.04
"111","same","2","unrelated",0.12
"111","different","1","compound",0
"111","different","1","semantically_related",0
"111","different","1","phonologically_related",0
"111","different","1","unrelated",0.16
"111","different","2","compound",0
"111","different","2","semantically_related",0
"111","different","2","phonologically_related",0
"111","different","2","unrelated",0.2
"112","same","1","compound",0
"112","same","1","semantically_related",0.0357142857142857
"112","same","1","phonologically_related",0
"112","same","1","unrelated",0.25
"112","same","2","compound",0
"112","same","2","semantically_related",0.0357142857142857
"112","same","2","phonologically_related",0
"112","same","2","unrelated",0.25
"112","different","1","compound",0
"112","different","1","semantically_related",0.0357142857142857
"112","different","1","phonologically_related",0
"112","different","1","unrelated",0.392857142857143
"112","different","2","compound",0
"112","different","2","semantically_related",0.0357142857142857
"112","different","2","phonologically_related",0
"112","different","2","unrelated",0.214285714285714
"113","same","1","compound",0
"113","same","1","semantically_related",0.0740740740740741
"113","same","1","phonologically_related",0
"113","same","1","unrelated",0.259259259259259
"113","same","2","compound",0
"113","same","2","semantically_related",0
"113","same","2","phonologically_related",0
"113","same","2","unrelated",0.214285714285714
"113","different","1","compound",0.0384615384615385
"113","different","1","semantically_related",0.0384615384615385
"113","different","1","phonologically_related",0
"113","different","1","unrelated",0.307692307692308
"113","different","2","compound",0.0357142857142857
"113","different","2","semantically_related",0.0357142857142857
"113","different","2","phonologically_related",0
"113","different","2","unrelated",0.214285714285714
"114","same","1","compound",0
"114","same","1","semantically_related",0.0714285714285714
"114","same","1","phonologically_related",0.0357142857142857
"114","same","1","unrelated",0.214285714285714
"114","same","2","compound",0
"114","same","2","semantically_related",0.107142857142857
"114","same","2","phonologically_related",0.0357142857142857
"114","same","2","unrelated",0
"114","different","1","compound",0.0357142857142857
"114","different","1","semantically_related",0.0357142857142857
"114","different","1","phonologically_related",0
"114","different","1","unrelated",0.107142857142857
"114","different","2","compound",0
"114","different","2","semantically_related",0
"114","different","2","phonologically_related",0
"114","different","2","unrelated",0.0714285714285714
"115","same","1","compound",0
"115","same","1","semantically_related",0.0454545454545455
"115","same","1","phonologically_related",0
"115","same","1","unrelated",0.545454545454545
"115","same","2","compound",0
"115","same","2","semantically_related",0.0416666666666667
"115","same","2","phonologically_related",0
"115","same","2","unrelated",0.583333333333333
"115","different","1","compound",0
"115","different","1","semantically_related",0
"115","different","1","phonologically_related",0.04
"115","different","1","unrelated",0.32
"115","different","2","compound",0
"115","different","2","semantically_related",0.0833333333333333
"115","different","2","phonologically_related",0
"115","different","2","unrelated",0.333333333333333
"116","same","1","compound",0
"116","same","1","semantically_related",0
"116","same","1","phonologically_related",0
"116","same","1","unrelated",0.142857142857143
"116","same","2","compound",0
"116","same","2","semantically_related",0
"116","same","2","phonologically_related",0
"116","same","2","unrelated",0.111111111111111
"116","different","1","compound",0
"116","different","1","semantically_related",0.0714285714285714
"116","different","1","phonologically_related",0
"116","different","1","unrelated",0.464285714285714
"116","different","2","compound",0.037037037037037
"116","different","2","semantically_related",0.037037037037037
"116","different","2","phonologically_related",0.037037037037037
"116","different","2","unrelated",0.222222222222222
"117","same","1","compound",0
"117","same","1","semantically_related",0.0740740740740741
"117","same","1","phonologically_related",0
"117","same","1","unrelated",0.222222222222222
"117","same","2","compound",0
"117","same","2","semantically_related",0.115384615384615
"117","same","2","phonologically_related",0
"117","same","2","unrelated",0.115384615384615
"117","different","1","compound",0
"117","different","1","semantically_related",0.142857142857143
"117","different","1","phonologically_related",0
"117","different","1","unrelated",0.25
"117","different","2","compound",0
"117","different","2","semantically_related",0.0769230769230769
"117","different","2","phonologically_related",0
"117","different","2","unrelated",0.269230769230769
"118","same","1","compound",0
"118","same","1","semantically_related",0.08
"118","same","1","phonologically_related",0
"118","same","1","unrelated",0.2
"118","same","2","compound",0
"118","same","2","semantically_related",0.115384615384615
"118","same","2","phonologically_related",0.0384615384615385
"118","same","2","unrelated",0.115384615384615
"118","different","1","compound",0.0434782608695652
"118","different","1","semantically_related",0
"118","different","1","phonologically_related",0
"118","different","1","unrelated",0.130434782608696
"118","different","2","compound",0
"118","different","2","semantically_related",0.0740740740740741
"118","different","2","phonologically_related",0
"118","different","2","unrelated",0.0740740740740741
"120","same","1","compound",0
"120","same","1","semantically_related",0.037037037037037
"120","same","1","phonologically_related",0
"120","same","1","unrelated",0.0740740740740741
"120","same","2","compound",0
"120","same","2","semantically_related",0
"120","same","2","phonologically_related",0
"120","same","2","unrelated",0
"120","different","1","compound",0
"120","different","1","semantically_related",0.037037037037037
"120","different","1","phonologically_related",0
"120","different","1","unrelated",0.444444444444444
"120","different","2","compound",0
"120","different","2","semantically_related",0
"120","different","2","phonologically_related",0
"120","different","2","unrelated",0.357142857142857
"121","same","1","compound",0
"121","same","1","semantically_related",0
"121","same","1","phonologically_related",0
"121","same","1","unrelated",0.192307692307692
"121","same","2","compound",0
"121","same","2","semantically_related",0.037037037037037
"121","same","2","phonologically_related",0
"121","same","2","unrelated",0.0740740740740741
"121","different","1","compound",0.037037037037037
"121","different","1","semantically_related",0.148148148148148
"121","different","1","phonologically_related",0
"121","different","1","unrelated",0.518518518518518
"121","different","2","compound",0.037037037037037
"121","different","2","semantically_related",0.0740740740740741
"121","different","2","phonologically_related",0
"121","different","2","unrelated",0.444444444444444
"122","same","1","compound",0
"122","same","1","semantically_related",0.142857142857143
"122","same","1","phonologically_related",0.0357142857142857
"122","same","1","unrelated",0.321428571428571
"122","same","2","compound",0
"122","same","2","semantically_related",0.0416666666666667
"122","same","2","phonologically_related",0.0416666666666667
"122","same","2","unrelated",0.0833333333333333
"122","different","1","compound",0
"122","different","1","semantically_related",0.0357142857142857
"122","different","1","phonologically_related",0
"122","different","1","unrelated",0.321428571428571
"122","different","2","compound",0
"122","different","2","semantically_related",0
"122","different","2","phonologically_related",0
"122","different","2","unrelated",0.115384615384615
"123","same","1","compound",0
"123","same","1","semantically_related",0.0714285714285714
"123","same","1","phonologically_related",0
"123","same","1","unrelated",0.392857142857143
"123","same","2","compound",0
"123","same","2","semantically_related",0.0357142857142857
"123","same","2","phonologically_related",0
"123","same","2","unrelated",0.285714285714286
"123","different","1","compound",0
"123","different","1","semantically_related",0
"123","different","1","phonologically_related",0
"123","different","1","unrelated",0
"123","different","2","compound",0
"123","different","2","semantically_related",0.0714285714285714
"123","different","2","phonologically_related",0
"123","different","2","unrelated",0
"124","same","1","compound",0.0740740740740741
"124","same","1","semantically_related",0.111111111111111
"124","same","1","phonologically_related",0
"124","same","1","unrelated",0.0740740740740741
"124","same","2","compound",0.0740740740740741
"124","same","2","semantically_related",0
"124","same","2","phonologically_related",0
"124","same","2","unrelated",0.037037037037037
"124","different","1","compound",0
"124","different","1","semantically_related",0
"124","different","1","phonologically_related",0
"124","different","1","unrelated",0.461538461538462
"124","different","2","compound",0
"124","different","2","semantically_related",0
"124","different","2","phonologically_related",0
"124","different","2","unrelated",0.333333333333333
"125","same","1","compound",0
"125","same","1","semantically_related",0.0740740740740741
"125","same","1","phonologically_related",0
"125","same","1","unrelated",0.037037037037037
"125","same","2","compound",0
"125","same","2","semantically_related",0.0714285714285714
"125","same","2","phonologically_related",0
"125","same","2","unrelated",0.0357142857142857
"125","different","1","compound",0
"125","different","1","semantically_related",0.037037037037037
"125","different","1","phonologically_related",0
"125","different","1","unrelated",0.37037037037037
"125","different","2","compound",0.037037037037037
"125","different","2","semantically_related",0.0740740740740741
"125","different","2","phonologically_related",0
"125","different","2","unrelated",0.148148148148148
"126","same","1","compound",0.0357142857142857
"126","same","1","semantically_related",0.214285714285714
"126","same","1","phonologically_related",0
"126","same","1","unrelated",0.142857142857143
"126","same","2","compound",0
"126","same","2","semantically_related",0.142857142857143
"126","same","2","phonologically_related",0
"126","same","2","unrelated",0.142857142857143
"126","different","1","compound",0
"126","different","1","semantically_related",0.0714285714285714
"126","different","1","phonologically_related",0
"126","different","1","unrelated",0.0714285714285714
"126","different","2","compound",0.0357142857142857
"126","different","2","semantically_related",0.0357142857142857
"126","different","2","phonologically_related",0
"126","different","2","unrelated",0
"127","same","1","compound",0
"127","same","1","semantically_related",0.08
"127","same","1","phonologically_related",0.04
"127","same","1","unrelated",0.2
"127","same","2","compound",0
"127","same","2","semantically_related",0.0357142857142857
"127","same","2","phonologically_related",0
"127","same","2","unrelated",0.0357142857142857
"127","different","1","compound",0
"127","different","1","semantically_related",0
"127","different","1","phonologically_related",0
"127","different","1","unrelated",0.111111111111111
"127","different","2","compound",0
"127","different","2","semantically_related",0.0714285714285714
"127","different","2","phonologically_related",0
"127","different","2","unrelated",0.0357142857142857
"128","same","1","compound",0
"128","same","1","semantically_related",0
"128","same","1","phonologically_related",0.0357142857142857
"128","same","1","unrelated",0.142857142857143
"128","same","2","compound",0.0357142857142857
"128","same","2","semantically_related",0.0357142857142857
"128","same","2","phonologically_related",0
"128","same","2","unrelated",0
"128","different","1","compound",0
"128","different","1","semantically_related",0
"128","different","1","phonologically_related",0
"128","different","1","unrelated",0.178571428571429
"128","different","2","compound",0
"128","different","2","semantically_related",0
"128","different","2","phonologically_related",0.0384615384615385
"128","different","2","unrelated",0.0769230769230769
"130","same","1","compound",0
"130","same","1","semantically_related",0.0714285714285714
"130","same","1","phonologically_related",0.0357142857142857
"130","same","1","unrelated",0.25
"130","same","2","compound",0.0357142857142857
"130","same","2","semantically_related",0.0357142857142857
"130","same","2","phonologically_related",0
"130","same","2","unrelated",0.0357142857142857
"130","different","1","compound",0
"130","different","1","semantically_related",0.0357142857142857
"130","different","1","phonologically_related",0
"130","different","1","unrelated",0.321428571428571
"130","different","2","compound",0
"130","different","2","semantically_related",0.0357142857142857
"130","different","2","phonologically_related",0
"130","different","2","unrelated",0.142857142857143
"131","same","1","compound",0
"131","same","1","semantically_related",0.0357142857142857
"131","same","1","phonologically_related",0
"131","same","1","unrelated",0.0357142857142857
"131","same","2","compound",0
"131","same","2","semantically_related",0
"131","same","2","phonologically_related",0
"131","same","2","unrelated",0.0714285714285714
"131","different","1","compound",0
"131","different","1","semantically_related",0.111111111111111
"131","different","1","phonologically_related",0
"131","different","1","unrelated",0.0740740740740741
"131","different","2","compound",0
"131","different","2","semantically_related",0.0714285714285714
"131","different","2","phonologically_related",0
"131","different","2","unrelated",0.0357142857142857
"132","same","1","compound",0
"132","same","1","semantically_related",0.037037037037037
"132","same","1","phonologically_related",0
"132","same","1","unrelated",0.0740740740740741
"132","same","2","compound",0
"132","same","2","semantically_related",0.0740740740740741
"132","same","2","phonologically_related",0
"132","same","2","unrelated",0.0740740740740741
"132","different","1","compound",0
"132","different","1","semantically_related",0
"132","different","1","phonologically_related",0
"132","different","1","unrelated",0.259259259259259
"132","different","2","compound",0
"132","different","2","semantically_related",0
"132","different","2","phonologically_related",0
"132","different","2","unrelated",0.107142857142857
"133","same","1","compound",0
"133","same","1","semantically_related",0.0714285714285714
"133","same","1","phonologically_related",0
"133","same","1","unrelated",0.107142857142857
"133","same","2","compound",0
"133","same","2","semantically_related",0.0714285714285714
"133","same","2","phonologically_related",0
"133","same","2","unrelated",0.142857142857143
"133","different","1","compound",0
"133","different","1","semantically_related",0.0357142857142857
"133","different","1","phonologically_related",0
"133","different","1","unrelated",0.392857142857143
"133","different","2","compound",0
"133","different","2","semantically_related",0.0357142857142857
"133","different","2","phonologically_related",0
"133","different","2","unrelated",0.392857142857143
"134","same","1","compound",0
"134","same","1","semantically_related",0.0714285714285714
"134","same","1","phonologically_related",0
"134","same","1","unrelated",0.214285714285714
"134","same","2","compound",0
"134","same","2","semantically_related",0.0714285714285714
"134","same","2","phonologically_related",0.0357142857142857
"134","same","2","unrelated",0.0357142857142857
"134","different","1","compound",0.0357142857142857
"134","different","1","semantically_related",0
"134","different","1","phonologically_related",0
"134","different","1","unrelated",0.107142857142857
"134","different","2","compound",0
"134","different","2","semantically_related",0.0357142857142857
"134","different","2","phonologically_related",0
"134","different","2","unrelated",0.142857142857143
"135","same","1","compound",0
"135","same","1","semantically_related",0.0714285714285714
"135","same","1","phonologically_related",0
"135","same","1","unrelated",0.0357142857142857
"135","same","2","compound",0
"135","same","2","semantically_related",0
"135","same","2","phonologically_related",0
"135","same","2","unrelated",0.0714285714285714
"135","different","1","compound",0
"135","different","1","semantically_related",0.0714285714285714
"135","different","1","phonologically_related",0
"135","different","1","unrelated",0.0357142857142857
"135","different","2","compound",0
"135","different","2","semantically_related",0
"135","different","2","phonologically_related",0
"135","different","2","unrelated",0
"136","same","1","compound",0.037037037037037
"136","same","1","semantically_related",0
"136","same","1","phonologically_related",0
"136","same","1","unrelated",0.185185185185185
"136","same","2","compound",0
"136","same","2","semantically_related",0
"136","same","2","phonologically_related",0
"136","same","2","unrelated",0.107142857142857
"136","different","1","compound",0
"136","different","1","semantically_related",0.107142857142857
"136","different","1","phonologically_related",0
"136","different","1","unrelated",0.178571428571429
"136","different","2","compound",0
"136","different","2","semantically_related",0.0740740740740741
"136","different","2","phonologically_related",0.037037037037037
"136","different","2","unrelated",0.037037037037037
"137","same","1","compound",0.0357142857142857
"137","same","1","semantically_related",0
"137","same","1","phonologically_related",0
"137","same","1","unrelated",0.0357142857142857
"137","same","2","compound",0.0357142857142857
"137","same","2","semantically_related",0
"137","same","2","phonologically_related",0
"137","same","2","unrelated",0
"137","different","1","compound",0
"137","different","1","semantically_related",0
"137","different","1","phonologically_related",0
"137","different","1","unrelated",0.107142857142857
"137","different","2","compound",0
"137","different","2","semantically_related",0
"137","different","2","phonologically_related",0
"137","different","2","unrelated",0.0357142857142857
"138","same","1","compound",0.037037037037037
"138","same","1","semantically_related",0.0740740740740741
"138","same","1","phonologically_related",0
"138","same","1","unrelated",0.407407407407407
"138","same","2","compound",0.0357142857142857
"138","same","2","semantically_related",0.0357142857142857
"138","same","2","phonologically_related",0
"138","same","2","unrelated",0.357142857142857
"138","different","1","compound",0.0357142857142857
"138","different","1","semantically_related",0.142857142857143
"138","different","1","phonologically_related",0
"138","different","1","unrelated",0.0714285714285714
"138","different","2","compound",0.0384615384615385
"138","different","2","semantically_related",0.192307692307692
"138","different","2","phonologically_related",0
"138","different","2","unrelated",0.0384615384615385
"139","same","1","compound",0
"139","same","1","semantically_related",0.0357142857142857
"139","same","1","phonologically_related",0
"139","same","1","unrelated",0.142857142857143
"139","same","2","compound",0
"139","same","2","semantically_related",0.0714285714285714
"139","same","2","phonologically_related",0
"139","same","2","unrelated",0.0357142857142857
"139","different","1","compound",0
"139","different","1","semantically_related",0.0714285714285714
"139","different","1","phonologically_related",0
"139","different","1","unrelated",0.0714285714285714
"139","different","2","compound",0
"139","different","2","semantically_related",0.0357142857142857
"139","different","2","phonologically_related",0
"139","different","2","unrelated",0.0357142857142857
"140","same","1","compound",0
"140","same","1","semantically_related",0.0357142857142857
"140","same","1","phonologically_related",0
"140","same","1","unrelated",0.0357142857142857
"140","same","2","compound",0
"140","same","2","semantically_related",0.0357142857142857
"140","same","2","phonologically_related",0
"140","same","2","unrelated",0.0357142857142857
"140","different","1","compound",0
"140","different","1","semantically_related",0.0357142857142857
"140","different","1","phonologically_related",0
"140","different","1","unrelated",0.285714285714286
"140","different","2","compound",0.037037037037037
"140","different","2","semantically_related",0.111111111111111
"140","different","2","phonologically_related",0
"140","different","2","unrelated",0.185185185185185
"141","same","1","compound",0.0357142857142857
"141","same","1","semantically_related",0.0357142857142857
"141","same","1","phonologically_related",0
"141","same","1","unrelated",0
"141","same","2","compound",0
"141","same","2","semantically_related",0.0357142857142857
"141","same","2","phonologically_related",0
"141","same","2","unrelated",0.0357142857142857
"141","different","1","compound",0.037037037037037
"141","different","1","semantically_related",0.037037037037037
"141","different","1","phonologically_related",0
"141","different","1","unrelated",0.148148148148148
"141","different","2","compound",0
"141","different","2","semantically_related",0.0740740740740741
"141","different","2","phonologically_related",0
"141","different","2","unrelated",0.148148148148148
"142","same","1","compound",0
"142","same","1","semantically_related",0
"142","same","1","phonologically_related",0
"142","same","1","unrelated",0.142857142857143
"142","same","2","compound",0
"142","same","2","semantically_related",0
"142","same","2","phonologically_related",0
"142","same","2","unrelated",0.111111111111111
"142","different","1","compound",0
"142","different","1","semantically_related",0.0714285714285714
"142","different","1","phonologically_related",0
"142","different","1","unrelated",0.0357142857142857
"142","different","2","compound",0
"142","different","2","semantically_related",0.037037037037037
"142","different","2","phonologically_related",0
"142","different","2","unrelated",0.0740740740740741
"143","same","1","compound",0
"143","same","1","semantically_related",0.0357142857142857
"143","same","1","phonologically_related",0
"143","same","1","unrelated",0.178571428571429
"143","same","2","compound",0
"143","same","2","semantically_related",0.0357142857142857
"143","same","2","phonologically_related",0
"143","same","2","unrelated",0.214285714285714
"143","different","1","compound",0.0714285714285714
"143","different","1","semantically_related",0.0357142857142857
"143","different","1","phonologically_related",0
"143","different","1","unrelated",0.107142857142857
"143","different","2","compound",0.0357142857142857
"143","different","2","semantically_related",0.0714285714285714
"143","different","2","phonologically_related",0
"143","different","2","unrelated",0.0714285714285714
"145","same","1","compound",0
"145","same","1","semantically_related",0
"145","same","1","phonologically_related",0
"145","same","1","unrelated",0.0357142857142857
"145","same","2","compound",0
"145","same","2","semantically_related",0.0357142857142857
"145","same","2","phonologically_related",0
"145","same","2","unrelated",0
"145","different","1","compound",0
"145","different","1","semantically_related",0
"145","different","1","phonologically_related",0
"145","different","1","unrelated",0.0357142857142857
"145","different","2","compound",0
"145","different","2","semantically_related",0
"145","different","2","phonologically_related",0
"145","different","2","unrelated",0.0357142857142857
"146","same","1","compound",0
"146","same","1","semantically_related",0
"146","same","1","phonologically_related",0
"146","same","1","unrelated",0.142857142857143
"146","same","2","compound",0
"146","same","2","semantically_related",0
"146","same","2","phonologically_related",0
"146","same","2","unrelated",0.178571428571429
"146","different","1","compound",0
"146","different","1","semantically_related",0
"146","different","1","phonologically_related",0
"146","different","1","unrelated",0.142857142857143
"146","different","2","compound",0
"146","different","2","semantically_related",0
"146","different","2","phonologically_related",0
"146","different","2","unrelated",0.142857142857143
"147","same","1","compound",0.037037037037037
"147","same","1","semantically_related",0
"147","same","1","phonologically_related",0
"147","same","1","unrelated",0.185185185185185
"147","same","2","compound",0.0357142857142857
"147","same","2","semantically_related",0
"147","same","2","phonologically_related",0
"147","same","2","unrelated",0.0357142857142857
"147","different","1","compound",0
"147","different","1","semantically_related",0.0740740740740741
"147","different","1","phonologically_related",0
"147","different","1","unrelated",0.0740740740740741
"147","different","2","compound",0
"147","different","2","semantically_related",0.0357142857142857
"147","different","2","phonologically_related",0
"147","different","2","unrelated",0.107142857142857
"148","same","1","compound",0
"148","same","1","semantically_related",0.0357142857142857
"148","same","1","phonologically_related",0
"148","same","1","unrelated",0.142857142857143
"148","same","2","compound",0
"148","same","2","semantically_related",0.0714285714285714
"148","same","2","phonologically_related",0
"148","same","2","unrelated",0.107142857142857
"148","different","1","compound",0.0714285714285714
"148","different","1","semantically_related",0.0357142857142857
"148","different","1","phonologically_related",0
"148","different","1","unrelated",0.142857142857143
"148","different","2","compound",0.0357142857142857
"148","different","2","semantically_related",0.0357142857142857
"148","different","2","phonologically_related",0
"148","different","2","unrelated",0.142857142857143
"149","same","1","compound",0
"149","same","1","semantically_related",0.0714285714285714
"149","same","1","phonologically_related",0
"149","same","1","unrelated",0.142857142857143
"149","same","2","compound",0
"149","same","2","semantically_related",0.0714285714285714
"149","same","2","phonologically_related",0
"149","same","2","unrelated",0.0714285714285714
"149","different","1","compound",0
"149","different","1","semantically_related",0.107142857142857
"149","different","1","phonologically_related",0
"149","different","1","unrelated",0.25
"149","different","2","compound",0
"149","different","2","semantically_related",0.0357142857142857
"149","different","2","phonologically_related",0
"149","different","2","unrelated",0.285714285714286
"150","same","1","compound",0
"150","same","1","semantically_related",0.115384615384615
"150","same","1","phonologically_related",0
"150","same","1","unrelated",0.576923076923077
"150","same","2","compound",0
"150","same","2","semantically_related",0.08
"150","same","2","phonologically_related",0
"150","same","2","unrelated",0.52
"150","different","1","compound",0
"150","different","1","semantically_related",0.0384615384615385
"150","different","1","phonologically_related",0
"150","different","1","unrelated",0.384615384615385
"150","different","2","compound",0
"150","different","2","semantically_related",0.148148148148148
"150","different","2","phonologically_related",0
"150","different","2","unrelated",0.444444444444444
"151","same","1","compound",0
"151","same","1","semantically_related",0.111111111111111
"151","same","1","phonologically_related",0
"151","same","1","unrelated",0.37037037037037
"151","same","2","compound",0
"151","same","2","semantically_related",0.037037037037037
"151","same","2","phonologically_related",0
"151","same","2","unrelated",0.333333333333333
"151","different","1","compound",0
"151","different","1","semantically_related",0.115384615384615
"151","different","1","phonologically_related",0
"151","different","1","unrelated",0.230769230769231
"151","different","2","compound",0
"151","different","2","semantically_related",0
"151","different","2","phonologically_related",0
"151","different","2","unrelated",0.25
"152","same","1","compound",0.0384615384615385
"152","same","1","semantically_related",0.0384615384615385
"152","same","1","phonologically_related",0
"152","same","1","unrelated",0.192307692307692
"152","same","2","compound",0
"152","same","2","semantically_related",0
"152","same","2","phonologically_related",0
"152","same","2","unrelated",0.214285714285714
"152","different","1","compound",0
"152","different","1","semantically_related",0.0714285714285714
"152","different","1","phonologically_related",0
"152","different","1","unrelated",0.214285714285714
"152","different","2","compound",0.0714285714285714
"152","different","2","semantically_related",0.0714285714285714
"152","different","2","phonologically_related",0
"152","different","2","unrelated",0.142857142857143
"153","same","1","compound",0
"153","same","1","semantically_related",0.0769230769230769
"153","same","1","phonologically_related",0
"153","same","1","unrelated",0.0769230769230769
"153","same","2","compound",0
"153","same","2","semantically_related",0
"153","same","2","phonologically_related",0.0357142857142857
"153","same","2","unrelated",0.142857142857143
"153","different","1","compound",0
"153","different","1","semantically_related",0
"153","different","1","phonologically_related",0
"153","different","1","unrelated",0.0714285714285714
"153","different","2","compound",0
"153","different","2","semantically_related",0
"153","different","2","phonologically_related",0
"153","different","2","unrelated",0.0357142857142857
"154","same","1","compound",0.0357142857142857
"154","same","1","semantically_related",0
"154","same","1","phonologically_related",0
"154","same","1","unrelated",0.107142857142857
"154","same","2","compound",0
"154","same","2","semantically_related",0.0714285714285714
"154","same","2","phonologically_related",0
"154","same","2","unrelated",0.0357142857142857
"154","different","1","compound",0.0714285714285714
"154","different","1","semantically_related",0
"154","different","1","phonologically_related",0
"154","different","1","unrelated",0.392857142857143
"154","different","2","compound",0.0714285714285714
"154","different","2","semantically_related",0
"154","different","2","phonologically_related",0
"154","different","2","unrelated",0.25
"155","same","1","compound",0.0357142857142857
"155","same","1","semantically_related",0
"155","same","1","phonologically_related",0
"155","same","1","unrelated",0.0714285714285714
"155","same","2","compound",0.0357142857142857
"155","same","2","semantically_related",0.0357142857142857
"155","same","2","phonologically_related",0
"155","same","2","unrelated",0.0357142857142857
"155","different","1","compound",0.037037037037037
"155","different","1","semantically_related",0
"155","different","1","phonologically_related",0
"155","different","1","unrelated",0.111111111111111
"155","different","2","compound",0.0357142857142857
"155","different","2","semantically_related",0
"155","different","2","phonologically_related",0
"155","different","2","unrelated",0.0714285714285714
"156","same","1","compound",0
"156","same","1","semantically_related",0.0740740740740741
"156","same","1","phonologically_related",0
"156","same","1","unrelated",0.407407407407407
"156","same","2","compound",0
"156","same","2","semantically_related",0.111111111111111
"156","same","2","phonologically_related",0
"156","same","2","unrelated",0.37037037037037
"156","different","1","compound",0
"156","different","1","semantically_related",0.0714285714285714
"156","different","1","phonologically_related",0
"156","different","1","unrelated",0.357142857142857
"156","different","2","compound",0
"156","different","2","semantically_related",0.0357142857142857
"156","different","2","phonologically_related",0
"156","different","2","unrelated",0.142857142857143
