"subjID","partner_type","block","mean","sd","sem","n"
"102","same","1",8.61930521559048,7.46105311417886,1.59070186871019,22
"102","same","2",11.5177687090875,8.55885998155352,1.67853054077115,26
"102","different","1",11.9528982995187,7.19297413304079,1.43859482660816,25
"102","different","2",9.10816635937132,8.11888597891819,1.56248033514943,27
"104","same","1",19.0121218111451,8.86662223174843,1.98263700410004,20
"104","same","2",21.0520844360434,12.690442819995,2.59042579324619,24
"104","different","1",17.2325693049911,8.67124094665161,2.10308484283679,17
"104","different","2",19.6311225707285,9.60958359517019,2.09698305818444,21
"105","same","1",12.9742137135231,6.22409717789301,1.6634599415473,14
"105","same","2",14.4153990833726,9.61516658175556,2.09820136573832,21
"105","different","1",20.6134190015854,10.4172808394833,2.88923386289734,13
"105","different","2",15.0100468620173,11.3607267862131,2.93332704292105,15
"106","same","1",6.39233718183185,7.80294498509504,2.75875765609313,8
"106","same","2",13.5234998623694,6.2854876341625,1.7432806120206,13
"106","different","1",10.8627943881478,8.13662319472682,1.81940425707107,20
"106","different","2",12.286056937185,7.84737396165026,1.84964378092988,18
"108","same","1",18.0943708508846,6.33440423679611,1.38228032845558,21
"108","same","2",17.945052225451,9.32770954583628,1.94496189044464,23
"108","different","1",15.8550897881129,7.33062406620214,1.77793748980272,17
"108","different","2",15.3853283675599,5.03252183026915,1.22056582761332,17
"109","same","1",10.4502910616511,13.0967450990569,2.85794408447477,21
"109","same","2",13.8704962606706,12.5869860098234,2.68355443405239,22
"109","different","1",16.1134404329017,9.09858627062084,2.03450574002545,20
"109","different","2",11.4973266149736,12.7762956180326,2.78801627479844,21
"110","same","1",17.2187987580502,7.8010804684523,2.01423031578265,15
"110","same","2",16.0980145441198,7.26875314718368,1.51563980341052,23
"110","different","1",14.0602347220588,10.9260005613538,2.38424879121589,21
"110","different","2",14.3669471758024,9.58441492192392,1.87965841204846,26
"111","same","1",9.72630680594941,9.42133498913877,2.61300818358945,13
"111","same","2",15.1814975326039,9.85686439466072,2.39064076685741,17
"111","different","1",11.9019965586803,9.02795266788913,1.97006078433717,21
"111","different","2",14.1067450228312,9.01563965252506,2.01595831236886,20
"112","same","1",18.7720711218262,14.9714770688458,3.34772404495185,20
"112","same","2",16.4781413446246,12.0349127308877,2.69108829695426,20
"112","different","1",18.052901952926,11.4589697262802,2.86474243157004,16
"112","different","2",17.7158147700471,11.138304297948,2.43057726470469,21
"113","same","1",8.71183491236696,9.83306512920363,2.31767567756962,18
"113","same","2",10.7184335193587,5.7837081930321,1.23309072994626,22
"113","different","1",10.5596985531939,7.89250068632729,1.97312517158182,16
"113","different","2",7.33209280572308,8.37554794797977,1.92148247905386,19
"114","same","1",6.28312745437669,7.98987671782215,1.83300343075448,19
"114","same","2",5.98797151092211,6.2292031072864,1.27153075975093,24
"114","different","1",8.01121357753708,7.16423224651652,1.49384568905119,23
"114","different","2",8.57946974299404,7.60109683969937,1.49069773501291,26
"116","same","1",12.1882798459551,7.33983883276469,1.49823832787823,24
"116","same","2",14.2626443500482,7.17241966072745,1.46406403249069,24
"116","different","1",10.7181187522895,11.6691492191199,3.23643968081366,13
"116","different","2",8.29874593766882,7.21550149385399,1.70071001198861,18
"117","same","1",4.74016108399283,6.92003609887374,1.5875651600339,19
"117","same","2",2.17181521273741,6.31464909342372,1.41199846269529,20
"117","different","1",5.11400947965658,7.28585901210948,1.76708036942857,17
"117","different","2",1.67967832384162,5.28074824856748,1.28076957712584,17
"118","same","1",8.14327866821196,9.52579517301256,2.24525145434375,18
"118","same","2",5.83033707965114,10.9314219450871,2.50784018778091,19
"118","different","1",11.2032453023293,7.19481958242249,1.65060481456774,19
"118","different","2",12.5747240948804,10.6362056477535,2.21780218843187,23
"120","same","1",10.4821889619296,8.0364492089276,1.64043332547218,24
"120","same","2",10.735713001274,6.95389985031574,1.36377196278192,26
"120","different","1",6.80156592626731,6.51998972415576,1.74254055093411,14
"120","different","2",8.85405755532856,6.87421567189254,1.62026817231135,18
"122","same","1",5.5746535053774,9.1894027695756,2.45597119663025,14
"122","same","2",7.55573742035746,7.54005100771264,1.68600666070613,20
"122","different","1",13.5579501042053,10.056733370083,2.37039478752359,18
"122","different","2",14.1882924586997,9.5185014698738,1.98474475669214,23
"123","same","1",7.2347991904166,8.00930159988024,2.06799278073924,15
"123","same","2",6.10533497259776,8.33953160209979,1.91321976263247,19
"123","different","1",7.26100821366569,7.82754823763687,1.50641236069814,27
"123","different","2",6.63053118766546,6.173996240278,1.210820281001,26
"124","same","1",11.7085681997216,8.69067681269587,1.94329441236692,20
"124","same","2",14.9335578734051,7.9650992982251,1.62586908593766,24
"124","different","1",12.3336151721212,9.08320524726271,2.42758871492888,14
"124","different","2",12.543357877629,6.72741232358411,1.58566629128142,18
"125","same","1",9.10098758281053,9.15873654106508,1.86951926784937,24
"125","same","2",9.12769936924567,8.89253453658826,1.77850690731765,25
"125","different","1",9.13379124986652,6.44925988863886,1.61231497215971,16
"125","different","2",6.6811305098647,7.97100665816597,1.78237127367625,20
"126","same","1",5.52629787166698,5.31452409788636,1.28896142385152,17
"126","same","2",5.74584522712612,5.4449070803636,1.21751823628629,20
"126","different","1",6.64358455904755,5.76582566116632,1.17694423464191,24
"126","different","2",6.92995863325021,5.62690659328358,1.10352717385834,26
"127","same","1",7.2209002309928,5.6477797976219,1.41194494940547,16
"127","same","2",4.54257391331331,4.45306472862539,0.873317844098177,26
"127","different","1",8.20662408350326,6.40022536420113,1.30644053175928,24
"127","different","2",6.44735039363162,5.94764060230895,1.18952812046179,25
"128","same","1",13.439599003895,9.38108632512119,1.95609171830148,23
"128","same","2",12.9374906907664,9.65095211235836,1.89270742867942,26
"128","different","1",9.21188618220992,7.6410919977255,1.59327782066194,23
"128","different","2",10.9338273616706,7.53891820766231,1.57197311269492,23
"130","same","1",8.73029986231102,6.66584144715414,1.57115389653235,18
"130","same","2",10.4553585477723,5.49649453640433,1.09929890728087,25
"130","different","1",9.73806199731117,6.92360163990688,1.63190855660415,18
"130","different","2",10.7386224736743,8.34879389269712,1.74084386661902,23
"131","same","1",5.31889488494466,10.7698288752805,2.11213721511964,26
"131","same","2",11.5556836941375,11.3029353469219,2.21668799595508,26
"131","different","1",14.0469548637742,8.83299570394097,1.88320101164624,22
"131","different","2",10.4909799204216,10.1007147899941,2.02014295799882,25
"132","same","1",9.44709817799519,7.70022547462662,1.5718019431013,24
"132","same","2",7.29732482439744,6.84257834771346,1.4267762148131,23
"132","different","1",6.76846948722142,6.58982292893258,1.473529202878,20
"132","different","2",7.99420616100434,5.50448373860056,1.10089674772011,25
"133","same","1",10.4402720247607,7.54253538357195,1.57272734601026,23
"133","same","2",10.548168139712,8.16113514766543,1.73995985975722,22
"133","different","1",12.6700262062117,5.96446971573713,1.49111742893428,16
"133","different","2",10.9494298931382,8.73573453094872,2.18393363273718,16
"134","same","1",12.6811102762992,6.27558909620768,1.43971887797658,19
"134","same","2",13.9169676305125,8.95048919742529,1.86630601052531,23
"134","different","1",10.5641268519591,8.97718199149211,1.83245960060482,24
"134","different","2",13.0615180974375,6.7716075084304,1.41197777184485,23
"135","same","1",9.09110172146972,5.18039912722155,1.03607982544431,25
"135","same","2",9.26250797938332,5.94201145006357,1.1653243205333,26
"135","different","1",11.9152459676626,7.50092418202286,1.50018483640457,25
"135","different","2",8.82666463080836,7.69004174842332,1.45328128843089,28
"136","same","1",5.4221309681572,7.04322780334684,1.53695831169783,21
"136","same","2",5.88708860515545,6.68515631443146,1.33703126288629,25
"136","different","1",4.49816759441394,7.30715332668303,1.6339291560477,20
"136","different","2",6.14350293536219,8.19019431408883,1.70777356841582,23
"137","same","1",8.4947860675747,9.36454191917016,1.83653776852717,26
"137","same","2",11.1288970212068,8.69382553943502,1.67312750516015,27
"137","different","1",10.8742352892108,7.59796989823874,1.51959397964775,25
"137","different","2",12.6356461509243,8.65760690659362,1.66615722601993,27
"138","same","1",3.63903974129871,6.74393367074002,1.87043066524471,13
"138","same","2",8.37380608290834,8.08983931368761,2.0224598284219,16
"138","different","1",5.04808437310377,6.84801253966527,1.49435884871538,21
"138","different","2",6.81923562829166,8.75457929363166,2.00843823337653,19
"139","same","1",13.2626901414167,7.36132539728714,1.56943984802837,22
"139","same","2",16.7806064371043,7.71001433226724,1.54200286645345,25
"139","different","1",15.5486842864297,5.67656790551771,1.15872457156482,24
"139","different","2",15.2926133104167,6.23225117276542,1.22224501321317,26
"140","same","1",5.65289908418616,4.8258814861897,0.94643322570644,26
"140","same","2",5.68841598920687,5.29199713755777,1.03784602578016,26
"140","different","1",5.083706473894,4.6366281031558,1.06371543897036,19
"140","different","2",4.79624460114512,3.76666906296179,0.887812412301954,18
"141","same","1",13.7213350427939,7.07159826763079,1.38685452149763,26
"141","same","2",12.9432241153822,11.6701572752954,2.28870614128569,26
"141","different","1",11.0068699107881,11.7507725461601,2.56422879366607,21
"141","different","2",8.13893213233384,7.64145742308224,1.66750271719317,21
"142","same","1",12.273431636682,9.93084138443361,2.0271245090314,24
"142","same","2",12.7962810982976,10.7865782208076,2.20180105929973,24
"142","different","1",14.8839637955925,8.24932645575251,1.6498652911505,25
"142","different","2",14.0580634660745,11.4099128510859,2.32903870789873,24
"143","same","1",7.62577958855612,6.39198690844153,1.36277618781542,22
"143","same","2",0.0188978424192533,7.41680056550797,1.61847857170627,21
"143","different","1",5.10652362964683,6.688426229377,1.42597726339483,22
"143","different","2",5.38943548779795,7.69344875916192,1.60419496009478,23
"145","same","1",7.9449146006818,5.46961121449823,1.05262716901772,27
"145","same","2",10.8283309595865,7.30336697861515,1.40553363036469,27
"145","different","1",10.2513562803409,6.9486949680433,1.33727697010547,27
"145","different","2",10.1833654186485,6.91401508190226,1.3306028229058,27
"146","same","1",14.1568960420871,4.95518508908571,1.01147292077563,24
"146","same","2",12.6950260877548,6.57054762357747,1.37005388776436,23
"146","different","1",14.7824358495203,7.43898526136635,1.51847650786934,24
"146","different","2",12.6130037418721,8.55261053520384,1.7457943150001,24
"147","same","1",12.3652124955429,7.01566022488858,1.53094257288775,21
"147","same","2",9.69717673025279,7.60605752107272,1.4916706046715,26
"147","different","1",13.1100990983881,7.09869023818831,1.48017923558851,23
"147","different","2",11.5002552018036,7.69787757184803,1.57132267945354,24
"148","same","1",16.7992652868737,6.138216221922,1.2799065588697,23
"148","same","2",17.8394500772148,6.26504151244714,1.30635146001117,23
"148","different","1",13.4190786760519,5.79199292048444,1.26391647536992,21
"148","different","2",17.2944543422425,7.97618101334825,1.70052750582787,22
"149","same","1",9.87088644906115,7.92100961890267,1.68876492500973,22
"149","same","2",11.444937806546,8.34889571849886,1.70421120216911,24
"149","different","1",13.4823673426302,7.44836397940769,1.75559622619493,18
"149","different","2",12.5743187593811,5.70418663352913,1.30863016266574,19
"151","same","1",5.98423899103433,5.81807757982271,1.55494663952625,14
"151","same","2",4.63252205736993,5.96937914121846,1.44778710109427,17
"151","different","1",7.47869506822781,6.62951946913687,1.60789464813765,17
"151","different","2",5.6749164814411,5.81158076508355,1.26819089349261,21
"152","same","1",4.46528059967409,5.15321355640518,1.18222826983442,19
"152","same","2",2.74990540572026,4.86806873217707,1.0378757409685,22
"152","different","1",5.55813527123421,4.85512553495349,1.0856390735451,20
"152","different","2",2.58052513744633,4.7052984416991,1.0521367170063,20
"153","same","1",4.26534523661156,9.86109883417662,2.10239333549993,22
"153","same","2",8.54801057319986,9.19452545138603,1.91719108702862,23
"153","different","1",6.42499798265163,10.2644728215,2.01302873898351,26
"153","different","2",10.1566306926515,7.83488208378055,1.50782376004656,27
"154","same","1",6.26738278510116,4.48055179415626,0.914588805149545,24
"154","same","2",6.9710000116037,3.88256535268372,0.776513070536745,25
"154","different","1",6.39298139928137,4.63653685211402,1.19714866748764,15
"154","different","2",6.86477703429207,4.61974665956878,1.088884730115,18
"155","same","1",12.8083011582621,6.7007989842244,1.34015979684488,25
"155","same","2",12.1501966902652,7.19842844951289,1.43968568990258,25
"155","different","1",13.1027868453469,8.01199219356464,1.67061585767099,23
"155","different","2",11.4999153288189,6.69805797521602,1.3396115950432,25
"156","same","1",5.46752115532572,8.09399277614505,2.16321056138272,14
"156","same","2",10.5127371701273,11.4055179953741,3.0482529040982,14
"156","different","1",7.84926222760721,8.12511826430251,2.03127956607563,16
"156","different","2",8.48341849571428,6.85706804177303,1.4297975248798,23
